"","x"
"1","junglivet"
"2","junglivet"
"3","junglivet"
"4","junglivet"
"5","junglivet"
"6","junglivet"
"7","laphroaig"
"8","ardbeg"
"9","laphroaig"
"10","junglivet"
"11","junglivet"
"12","junglivet"
"13","ardbeg"
"14","ardbeg"
"15","junglivet"
"16","junglivet"
"17","junglivet"
"18","junglivet"
"19","laphroaig"
"20","laphroaig"
"21","laphroaig"
"22","laphroaig"
"23","laphroaig"
"24","laphroaig"
"25","ardbeg"
"26","laphroaig"
"27","laphroaig"
"28","laphroaig"
"29","laphroaig"
"30","ardbeg"
"31","ardbeg"
"32","ardbeg"
"33","ardbeg"
"34","ardbeg"
"35","ardbeg"
"36","ardbeg"
"37","junglivet"
"38","junglivet"
"39","junglivet"
"40","junglivet"
"41","ardbeg"
"42","laphroaig"
"43","junglivet"
"44","junglivet"
"45","junglivet"
"46","junglivet"
"47","junglivet"
"48","junglivet"
"49","junglivet"
"50","junglivet"
"51","junglivet"
"52","laphroaig"
"53","ardbeg"
"54","ardbeg"
"55","junglivet"
"56","junglivet"
"57","junglivet"
"58","junglivet"
"59","junglivet"
"60","junglivet"
"61","ardbeg"
"62","ardbeg"
"63","ardbeg"
"64","ardbeg"
"65","ardbeg"
"66","ardbeg"
"67","junglivet"
"68","junglivet"
"69","junglivet"
"70","laphroaig"
"71","ardbeg"
"72","junglivet"
"73","laphroaig"
"74","laphroaig"
"75","laphroaig"
"76","ardbeg"
"77","junglivet"
"78","junglivet"
"79","junglivet"
"80","junglivet"
"81","junglivet"
"82","junglivet"
"83","junglivet"
"84","junglivet"
"85","junglivet"
"86","junglivet"
"87","junglivet"
"88","junglivet"
"89","junglivet"
"90","junglivet"
"91","junglivet"
"92","junglivet"
"93","junglivet"
"94","junglivet"
"95","junglivet"
"96","laphroaig"
"97","junglivet"
"98","junglivet"
"99","laphroaig"
"100","laphroaig"
"101","junglivet"
"102","laphroaig"
"103","laphroaig"
"104","junglivet"
"105","junglivet"
"106","junglivet"
"107","junglivet"
"108","junglivet"
"109","junglivet"
"110","junglivet"
"111","junglivet"
"112","junglivet"
"113","junglivet"
"114","junglivet"
"115","junglivet"
"116","junglivet"
"117","junglivet"
"118","junglivet"
"119","junglivet"
"120","junglivet"
"121","junglivet"
"122","laphroaig"
"123","laphroaig"
"124","ardbeg"
"125","laphroaig"
"126","laphroaig"
"127","ardbeg"
"128","junglivet"
"129","laphroaig"
"130","junglivet"
"131","junglivet"
"132","junglivet"
"133","junglivet"
"134","junglivet"
"135","junglivet"
"136","junglivet"
"137","junglivet"
"138","junglivet"
"139","junglivet"
"140","junglivet"
"141","junglivet"
"142","junglivet"
"143","junglivet"
"144","ardbeg"
"145","ardbeg"
"146","ardbeg"
"147","ardbeg"
"148","laphroaig"
"149","laphroaig"
"150","laphroaig"
"151","laphroaig"
"152","ardbeg"
"153","ardbeg"
"154","ardbeg"
"155","ardbeg"
"156","ardbeg"
"157","junglivet"
"158","junglivet"
"159","junglivet"
"160","junglivet"
"161","junglivet"
"162","junglivet"
"163","laphroaig"
"164","laphroaig"
"165","laphroaig"
"166","junglivet"
"167","junglivet"
"168","laphroaig"
"169","junglivet"
"170","junglivet"
"171","junglivet"
"172","junglivet"
"173","junglivet"
"174","junglivet"
"175","junglivet"
"176","ardbeg"
"177","ardbeg"
"178","junglivet"
"179","junglivet"
"180","junglivet"
"181","junglivet"
"182","junglivet"
"183","junglivet"
"184","junglivet"
"185","junglivet"
"186","ardbeg"
"187","ardbeg"
"188","ardbeg"
"189","junglivet"
"190","junglivet"
"191","ardbeg"
"192","ardbeg"
"193","junglivet"
"194","laphroaig"
"195","laphroaig"
"196","laphroaig"
"197","ardbeg"
"198","junglivet"
"199","junglivet"
"200","junglivet"
"201","junglivet"
"202","ardbeg"
"203","laphroaig"
"204","laphroaig"
"205","ardbeg"
"206","ardbeg"
"207","laphroaig"
"208","laphroaig"
"209","laphroaig"
"210","laphroaig"
"211","laphroaig"
"212","ardbeg"
"213","junglivet"
"214","laphroaig"
"215","junglivet"
"216","junglivet"
"217","junglivet"
"218","ardbeg"
"219","laphroaig"
"220","junglivet"
"221","junglivet"
"222","junglivet"
"223","junglivet"
"224","junglivet"
"225","laphroaig"
"226","junglivet"
"227","junglivet"
"228","junglivet"
"229","junglivet"
"230","laphroaig"
"231","junglivet"
"232","junglivet"
"233","junglivet"
"234","junglivet"
"235","laphroaig"
"236","junglivet"
"237","junglivet"
"238","junglivet"
"239","junglivet"
"240","junglivet"
"241","junglivet"
"242","junglivet"
"243","junglivet"
"244","junglivet"
"245","laphroaig"
"246","laphroaig"
"247","ardbeg"
"248","ardbeg"
"249","laphroaig"
"250","ardbeg"
"251","laphroaig"
"252","ardbeg"
"253","junglivet"
"254","ardbeg"
"255","ardbeg"
"256","laphroaig"
"257","junglivet"
"258","junglivet"
"259","junglivet"
"260","junglivet"
"261","junglivet"
"262","junglivet"
"263","junglivet"
"264","junglivet"
"265","junglivet"
"266","junglivet"
"267","junglivet"
"268","junglivet"
"269","junglivet"
"270","junglivet"
"271","junglivet"
"272","junglivet"
"273","laphroaig"
"274","laphroaig"
"275","laphroaig"
"276","ardbeg"
"277","laphroaig"
"278","laphroaig"
"279","laphroaig"
"280","laphroaig"
"281","laphroaig"
"282","ardbeg"
"283","laphroaig"
"284","laphroaig"
"285","laphroaig"
"286","laphroaig"
"287","laphroaig"
"288","ardbeg"
"289","ardbeg"
"290","ardbeg"
"291","ardbeg"
"292","ardbeg"
"293","ardbeg"
"294","ardbeg"
"295","ardbeg"
"296","ardbeg"
"297","junglivet"
"298","junglivet"
"299","junglivet"
"300","junglivet"
"301","junglivet"
"302","junglivet"
"303","junglivet"
"304","junglivet"
"305","junglivet"
"306","junglivet"
"307","ardbeg"
"308","junglivet"
"309","junglivet"
"310","junglivet"
"311","junglivet"
"312","junglivet"
"313","ardbeg"
"314","laphroaig"
"315","laphroaig"
"316","laphroaig"
"317","laphroaig"
"318","ardbeg"
"319","ardbeg"
"320","laphroaig"
"321","laphroaig"
"322","junglivet"
"323","junglivet"
"324","junglivet"
"325","laphroaig"
"326","ardbeg"
"327","ardbeg"
"328","laphroaig"
"329","laphroaig"
"330","laphroaig"
"331","laphroaig"
"332","ardbeg"
"333","ardbeg"
"334","laphroaig"
"335","junglivet"
"336","junglivet"
"337","junglivet"
"338","junglivet"
"339","junglivet"
"340","junglivet"
"341","junglivet"
"342","junglivet"
"343","junglivet"
"344","junglivet"
"345","junglivet"
"346","junglivet"
"347","junglivet"
"348","junglivet"
"349","junglivet"
"350","laphroaig"
"351","laphroaig"
"352","ardbeg"
"353","laphroaig"
"354","laphroaig"
"355","ardbeg"
"356","ardbeg"
"357","junglivet"
"358","junglivet"
"359","junglivet"
"360","junglivet"
"361","junglivet"
"362","junglivet"
"363","junglivet"
"364","laphroaig"
"365","ardbeg"
"366","laphroaig"
"367","laphroaig"
"368","ardbeg"
"369","laphroaig"
"370","ardbeg"
"371","ardbeg"
"372","ardbeg"
"373","ardbeg"
"374","laphroaig"
"375","junglivet"
"376","junglivet"
"377","ardbeg"
"378","laphroaig"
"379","ardbeg"
"380","laphroaig"
"381","junglivet"
"382","junglivet"
"383","junglivet"
"384","laphroaig"
"385","ardbeg"
"386","ardbeg"
"387","ardbeg"
"388","ardbeg"
"389","ardbeg"
"390","ardbeg"
"391","junglivet"
"392","laphroaig"
"393","ardbeg"
"394","ardbeg"
"395","laphroaig"
"396","laphroaig"
"397","laphroaig"
"398","laphroaig"
"399","laphroaig"
"400","laphroaig"
"401","junglivet"
"402","junglivet"
"403","junglivet"
"404","junglivet"
"405","junglivet"
"406","laphroaig"
"407","laphroaig"
"408","junglivet"
"409","laphroaig"
"410","ardbeg"
"411","laphroaig"
"412","laphroaig"
"413","laphroaig"
"414","laphroaig"
"415","ardbeg"
"416","ardbeg"
"417","laphroaig"
"418","junglivet"
"419","junglivet"
"420","junglivet"
"421","junglivet"
"422","junglivet"
"423","junglivet"
"424","junglivet"
"425","junglivet"
"426","junglivet"
"427","junglivet"
"428","junglivet"
"429","junglivet"
"430","junglivet"
"431","junglivet"
"432","laphroaig"
"433","junglivet"
"434","junglivet"
"435","laphroaig"
"436","junglivet"
"437","junglivet"
"438","junglivet"
"439","junglivet"
"440","junglivet"
"441","junglivet"
"442","laphroaig"
"443","laphroaig"
"444","laphroaig"
"445","junglivet"
"446","junglivet"
"447","ardbeg"
"448","ardbeg"
"449","laphroaig"
"450","laphroaig"
"451","laphroaig"
"452","ardbeg"
"453","ardbeg"
"454","ardbeg"
"455","junglivet"
"456","junglivet"
"457","junglivet"
"458","junglivet"
"459","junglivet"
"460","junglivet"
"461","junglivet"
"462","junglivet"
"463","junglivet"
"464","ardbeg"
"465","ardbeg"
"466","ardbeg"
"467","laphroaig"
"468","ardbeg"
"469","junglivet"
"470","junglivet"
"471","junglivet"
"472","junglivet"
"473","junglivet"
"474","junglivet"
"475","junglivet"
"476","junglivet"
"477","junglivet"
"478","junglivet"
"479","junglivet"
"480","junglivet"
"481","junglivet"
"482","junglivet"
"483","junglivet"
"484","junglivet"
"485","laphroaig"
"486","laphroaig"
"487","junglivet"
"488","junglivet"
"489","junglivet"
"490","junglivet"
"491","junglivet"
"492","junglivet"
"493","junglivet"
"494","junglivet"
"495","junglivet"
"496","junglivet"
"497","laphroaig"
"498","ardbeg"
"499","junglivet"
"500","junglivet"
"501","junglivet"
"502","junglivet"
"503","junglivet"
"504","junglivet"
"505","ardbeg"
"506","laphroaig"
"507","laphroaig"
"508","ardbeg"
"509","junglivet"
"510","junglivet"
"511","laphroaig"
"512","ardbeg"
"513","ardbeg"
"514","junglivet"
"515","laphroaig"
"516","laphroaig"
"517","junglivet"
"518","ardbeg"
"519","laphroaig"
"520","junglivet"
"521","junglivet"
"522","junglivet"
"523","junglivet"
"524","junglivet"
"525","junglivet"
"526","junglivet"
"527","junglivet"
"528","laphroaig"
"529","junglivet"
"530","junglivet"
"531","junglivet"
"532","junglivet"
"533","laphroaig"
"534","laphroaig"
"535","laphroaig"
"536","ardbeg"
"537","ardbeg"
"538","ardbeg"
"539","junglivet"
"540","junglivet"
"541","laphroaig"
"542","junglivet"
"543","junglivet"
"544","junglivet"
"545","ardbeg"
"546","ardbeg"
"547","ardbeg"
"548","ardbeg"
"549","ardbeg"
"550","ardbeg"
"551","ardbeg"
"552","ardbeg"
"553","ardbeg"
"554","ardbeg"
"555","laphroaig"
"556","ardbeg"
"557","junglivet"
"558","junglivet"
"559","laphroaig"
"560","junglivet"
"561","junglivet"
"562","junglivet"
"563","laphroaig"
"564","laphroaig"
"565","laphroaig"
"566","laphroaig"
"567","junglivet"
"568","junglivet"
"569","junglivet"
"570","junglivet"
"571","junglivet"
"572","junglivet"
"573","junglivet"
"574","junglivet"
"575","junglivet"
"576","laphroaig"
"577","ardbeg"
"578","junglivet"
"579","junglivet"
"580","junglivet"
"581","junglivet"
"582","ardbeg"
"583","ardbeg"
"584","ardbeg"
"585","junglivet"
"586","junglivet"
"587","junglivet"
"588","junglivet"
"589","junglivet"
"590","junglivet"
"591","junglivet"
"592","junglivet"
"593","junglivet"
"594","junglivet"
"595","junglivet"
"596","ardbeg"
"597","ardbeg"
"598","junglivet"
"599","junglivet"
"600","junglivet"
"601","laphroaig"
"602","laphroaig"
"603","laphroaig"
"604","junglivet"
"605","ardbeg"
"606","ardbeg"
"607","junglivet"
"608","junglivet"
"609","junglivet"
"610","junglivet"
"611","junglivet"
"612","junglivet"
"613","junglivet"
"614","junglivet"
"615","junglivet"
"616","junglivet"
"617","junglivet"
"618","junglivet"
"619","junglivet"
"620","laphroaig"
"621","laphroaig"
"622","laphroaig"
"623","ardbeg"
"624","ardbeg"
"625","ardbeg"
"626","ardbeg"
"627","ardbeg"
"628","laphroaig"
"629","ardbeg"
"630","laphroaig"
"631","junglivet"
"632","junglivet"
"633","junglivet"
"634","laphroaig"
"635","ardbeg"
"636","ardbeg"
"637","ardbeg"
"638","ardbeg"
"639","ardbeg"
"640","ardbeg"
"641","junglivet"
"642","junglivet"
"643","junglivet"
"644","junglivet"
"645","junglivet"
"646","junglivet"
"647","junglivet"
"648","laphroaig"
"649","laphroaig"
"650","laphroaig"
"651","junglivet"
"652","junglivet"
"653","junglivet"
"654","junglivet"
"655","junglivet"
"656","junglivet"
"657","junglivet"
"658","laphroaig"
"659","ardbeg"
"660","junglivet"
"661","laphroaig"
"662","ardbeg"
"663","ardbeg"
"664","junglivet"
"665","junglivet"
"666","junglivet"
"667","junglivet"
"668","junglivet"
"669","junglivet"
"670","junglivet"
"671","laphroaig"
"672","laphroaig"
"673","laphroaig"
"674","junglivet"
"675","junglivet"
"676","junglivet"
"677","junglivet"
"678","junglivet"
"679","junglivet"
"680","junglivet"
"681","laphroaig"
"682","laphroaig"
"683","laphroaig"
"684","laphroaig"
"685","junglivet"
"686","junglivet"
"687","laphroaig"
"688","ardbeg"
"689","junglivet"
"690","laphroaig"
"691","ardbeg"
"692","junglivet"
"693","junglivet"
"694","junglivet"
"695","junglivet"
"696","junglivet"
"697","junglivet"
"698","junglivet"
"699","laphroaig"
"700","laphroaig"
"701","junglivet"
"702","junglivet"
"703","junglivet"
"704","junglivet"
"705","junglivet"
"706","junglivet"
"707","laphroaig"
"708","ardbeg"
"709","laphroaig"
"710","laphroaig"
"711","ardbeg"
"712","ardbeg"
"713","laphroaig"
"714","laphroaig"
"715","laphroaig"
"716","ardbeg"
"717","ardbeg"
"718","laphroaig"
"719","ardbeg"
"720","junglivet"
"721","junglivet"
"722","junglivet"
"723","laphroaig"
"724","junglivet"
"725","ardbeg"
"726","junglivet"
"727","laphroaig"
"728","laphroaig"
"729","ardbeg"
"730","ardbeg"
"731","ardbeg"
"732","junglivet"
"733","junglivet"
"734","laphroaig"
"735","laphroaig"
"736","ardbeg"
"737","ardbeg"
"738","ardbeg"
"739","ardbeg"
"740","junglivet"
"741","junglivet"
"742","junglivet"
"743","junglivet"
"744","junglivet"
"745","junglivet"
"746","junglivet"
"747","junglivet"
"748","junglivet"
"749","laphroaig"
"750","ardbeg"
"751","laphroaig"
"752","junglivet"
"753","junglivet"
"754","junglivet"
"755","junglivet"
"756","junglivet"
"757","junglivet"
"758","junglivet"
"759","junglivet"
"760","junglivet"
"761","junglivet"
"762","laphroaig"
"763","junglivet"
"764","junglivet"
"765","laphroaig"
"766","laphroaig"
"767","laphroaig"
"768","laphroaig"
"769","laphroaig"
"770","junglivet"
"771","junglivet"
"772","junglivet"
"773","junglivet"
"774","junglivet"
"775","laphroaig"
"776","laphroaig"
"777","junglivet"
"778","laphroaig"
"779","ardbeg"
"780","ardbeg"
"781","ardbeg"
"782","ardbeg"
"783","ardbeg"
"784","ardbeg"
"785","junglivet"
"786","laphroaig"
"787","laphroaig"
"788","laphroaig"
"789","ardbeg"
"790","ardbeg"
"791","junglivet"
"792","junglivet"
"793","junglivet"
"794","junglivet"
"795","junglivet"
"796","junglivet"
"797","junglivet"
"798","junglivet"
"799","junglivet"
"800","laphroaig"
"801","ardbeg"
"802","junglivet"
"803","ardbeg"
"804","junglivet"
"805","junglivet"
"806","junglivet"
"807","laphroaig"
"808","ardbeg"
"809","junglivet"
"810","junglivet"
"811","junglivet"
"812","junglivet"
"813","junglivet"
"814","junglivet"
"815","junglivet"
"816","junglivet"
"817","laphroaig"
"818","laphroaig"
"819","ardbeg"
"820","laphroaig"
"821","junglivet"
"822","junglivet"
"823","junglivet"
"824","junglivet"
"825","junglivet"
"826","junglivet"
"827","junglivet"
"828","junglivet"
"829","junglivet"
"830","ardbeg"
"831","ardbeg"
"832","ardbeg"
"833","ardbeg"
"834","junglivet"
"835","junglivet"
"836","junglivet"
"837","laphroaig"
"838","junglivet"
"839","junglivet"
"840","junglivet"
"841","junglivet"
"842","laphroaig"
"843","ardbeg"
"844","junglivet"
"845","junglivet"
"846","junglivet"
"847","junglivet"
"848","junglivet"
"849","junglivet"
"850","junglivet"
"851","laphroaig"
"852","laphroaig"
"853","junglivet"
"854","laphroaig"
"855","laphroaig"
"856","laphroaig"
"857","ardbeg"
"858","laphroaig"
"859","ardbeg"
"860","ardbeg"
"861","laphroaig"
"862","laphroaig"
"863","ardbeg"
"864","junglivet"
"865","junglivet"
"866","junglivet"
"867","laphroaig"
"868","junglivet"
"869","junglivet"
"870","laphroaig"
"871","ardbeg"
"872","junglivet"
"873","junglivet"
"874","junglivet"
"875","junglivet"
"876","ardbeg"
"877","ardbeg"
"878","ardbeg"
"879","junglivet"
"880","junglivet"
"881","junglivet"
"882","junglivet"
"883","laphroaig"
"884","ardbeg"
"885","ardbeg"
"886","laphroaig"
"887","ardbeg"
"888","ardbeg"
"889","ardbeg"
"890","ardbeg"
"891","laphroaig"
"892","laphroaig"
"893","junglivet"
"894","junglivet"
"895","junglivet"
"896","junglivet"
"897","junglivet"
"898","junglivet"
"899","junglivet"
"900","junglivet"
"901","junglivet"
"902","junglivet"
"903","junglivet"
"904","junglivet"
"905","junglivet"
"906","junglivet"
"907","junglivet"
"908","junglivet"
"909","junglivet"
"910","laphroaig"
"911","laphroaig"
"912","laphroaig"
"913","junglivet"
"914","junglivet"
"915","junglivet"
"916","junglivet"
"917","junglivet"
"918","junglivet"
"919","junglivet"
"920","laphroaig"
"921","laphroaig"
"922","laphroaig"
"923","ardbeg"
"924","laphroaig"
"925","laphroaig"
"926","laphroaig"
"927","ardbeg"
"928","junglivet"
"929","junglivet"
"930","junglivet"
"931","junglivet"
"932","junglivet"
"933","laphroaig"
"934","laphroaig"
"935","ardbeg"
"936","laphroaig"
"937","ardbeg"
"938","junglivet"
"939","ardbeg"
"940","laphroaig"
"941","ardbeg"
"942","ardbeg"
"943","junglivet"
"944","junglivet"
"945","junglivet"
"946","junglivet"
"947","junglivet"
"948","junglivet"
"949","junglivet"
"950","junglivet"
"951","junglivet"
"952","junglivet"
"953","junglivet"
"954","junglivet"
"955","junglivet"
"956","junglivet"
"957","junglivet"
"958","junglivet"
"959","laphroaig"
"960","laphroaig"
"961","laphroaig"
"962","ardbeg"
"963","ardbeg"
"964","ardbeg"
"965","ardbeg"
"966","ardbeg"
"967","ardbeg"
"968","ardbeg"
"969","ardbeg"
"970","laphroaig"
"971","ardbeg"
"972","laphroaig"
"973","ardbeg"
"974","junglivet"
"975","junglivet"
"976","junglivet"
"977","ardbeg"
"978","ardbeg"
"979","laphroaig"
"980","junglivet"
"981","junglivet"
"982","junglivet"
"983","junglivet"
"984","junglivet"
"985","junglivet"
"986","junglivet"
"987","junglivet"
"988","junglivet"
"989","junglivet"
"990","junglivet"
"991","junglivet"
"992","junglivet"
"993","junglivet"
"994","laphroaig"
"995","ardbeg"
"996","ardbeg"
"997","ardbeg"
"998","ardbeg"
"999","ardbeg"
"1000","ardbeg"
